Run:Fill,DeliveredLS,Delivered(/ub),SelectedLS,Recorded(/ub)
190645:2486,101,619741.289853,[10-110],541688.657819
190704:2491,3,130661.470484,[1-3],27574.4303921
190705:2491,364,14498602.7629,"[1-5], [7-65], [81-336], [338-350], [353-383]",14073675.3422
190738:2493,345,12868674.8213,"[1-130], [133-226], [229-349]",12593748.6853
191043:2508,2,147883.621764,[45-46],60111.118802
191046:2508,228,14326832.231,"[1-21], [24-82], [84-88], [92-116], [119-180], [183-183], [185-239]",13400474.2183
191056:2508,10,592301.468124,"[1-1], [4-9], [16-17], [19-19]",255993.948895
191057:2508,38,2152067.03046,"[1-1], [4-40]",2078085.98171
191062:2508,538,26122349.186,"[1-1], [3-3], [5-214], [216-541]",25725493.7562
191090:2509,55,1964767.95984,[1-55],1778088.92464
191201:2511,40,3000809.38704,"[38-49], [52-79]",2879933.37455
191202:2511,93,7551613.88938,"[1-64], [66-68], [87-105], [108-114]",7019814.90545
191226:2513,1602,93033441.1575,"[77-78], [81-831], [833-1454], [1456-1466], [1469-1507], [1510-1686]",91581342.3827
191247:2514,1204,70744231.1645,"[1-153], [156-280], [283-606], [608-620], [622-818], [821-834], [837-1031], [1034-1046], [1049-1140], [1143-1187], [1190-1214], [1217-1224]",68994196.5543
191248:2514,103,4466190.43668,[1-103],4310529.99971
191264:2515,124,11465030.3745,"[59-79], [82-152], [155-186]",11204779.6552
191271:2516,103,9584932.3767,[56-158],9451379.48674
191276:2516,16,1232957.75028,[1-16],923368.549408
191277:2516,837,53654370.8482,"[1-28], [30-164], [167-253], [255-457], [460-535], [537-576], [579-775], [778-811], [813-849]",52521648.1412
191367:2520,2,927.820355102,[1-2],918.608457594
191411:2523,23,1096.24128538,[1-23],1087.43577396
191695:2533,1,99551.5099871,[1-1],12172.1619375
191718:2534,163,16752268.89,"[43-95], [98-207]",16506527.1003
191720:2534,179,13688655.9664,"[1-1], [3-15], [17-181]",12330736.9041
191721:2534,185,10457888.7137,"[1-1], [3-34], [36-183], [186-189]",10237267.7693
191726:2534,13,607678.389103,[1-13],503019.660155
191810:2535,70,7813376.59659,"[15-15], [22-49], [52-92]",7630067.23846
191830:2536,336,38146374.2147,"[54-242], [245-301], [304-393]",37212281.9592
191833:2536,102,9786407.05389,"[1-1], [3-103]",9406512.77797
191834:2536,346,29842316.194,"[1-30], [33-74], [77-299], [302-352]",29151686.0902
191837:2536,61,4692993.13126,"[1-44], [47-53], [56-65]",4370889.16976
191856:2536,133,8898355.84254,[1-133],8492648.65353
191859:2536,124,7448678.20495,"[1-28], [31-126]",7247214.77029
193093:2576,33,86239.4490793,[1-33],72787.5031575
193123:2580,27,549217.371184,[1-27],535879.350376
193124:2580,52,1035414.60277,[1-52],1026788.91914
193207:2584,112,6839370.35896,[54-165],6752712.20964
193334:2587,144,8991983.37092,[29-172],8867352.3805
193336:2587,935,43017076.203,"[1-264], [267-492], [495-684], [687-729], [732-943]",42642951.4622
193541:2590,535,26883206.1245,"[77-101], [103-413], [416-575], [578-616]",26362623.1598
193556:2591,43,3278720.86374,[41-83],3192953.59694
193557:2591,82,5617715.8068,[1-82],5555112.14182
193575:2593,695,40089909.5965,"[48-173], [176-349], [351-394], [397-415], [417-658], [660-749]",39506719.6236
193621:2596,1584,89532644.6754,"[60-570], [573-769], [772-976], [979-1053], [1056-1137], [1139-1193], [1195-1371], [1373-1654]",88499780.758
193834:2605,35,995983.771233,[1-35],986845.984931
193835:2605,25,689084.957517,"[1-20], [22-26]",645087.358957
193836:2605,2,55052.368235,[1-2],54007.1837195
193998:2616,212,19358319.7137,"[66-113], [115-278]",19072545.7697
193999:2616,45,3655908.26557,[1-45],3622618.22133
194027:2617,61,5247754.17497,[53-113],5184329.26368
194050:2621,1801,110625761.259,"[53-113], [116-273], [275-355], [357-369], [372-391], [394-490], [492-814], [816-1435], [1437-1735], [1760-1888]",108978715.681
194051:2621,12,490981.482077,[1-12],479719.532398
194052:2621,164,6521859.92276,"[1-99], [102-166]",6468105.17182
194075:2623,63,5630016.8736,"[48-101], [103-111]",4895863.63307
194076:2623,734,54107149.6501,"[1-9], [11-55], [58-163], [165-228], [230-264], [267-507], [509-527], [530-538], [541-562], [565-748]",53624595.6379
194108:2624,778,62027959.6051,"[81-161], [164-264], [266-373], [376-396], [398-433], [436-452], [454-577], [579-590], [593-668], [671-872]",61240438.8848
194115:2627,700,54740924.4058,"[66-184], [186-338], [340-346], [348-493], [496-731], [819-857]",53028793.9023
194117:2627,38,2290541.65739,[1-38],2250708.3742
194119:2627,259,14639753.4713,"[1-229], [232-261]",14535495.2647
194120:2627,404,19143906.6226,"[1-162], [165-406]",19012608.8126
194150:2628,267,27094243.1564,"[42-127], [129-261], [264-311]",26689715.4962
194151:2628,572,41076693.5053,"[47-72], [75-191], [193-238], [240-619], [621-623]",40538811.0762
194153:2628,115,7042362.09399,[1-115],6961804.71467
194199:2629,308,27256792.3093,"[92-227], [229-336], [339-402]",26935637.2284
194210:2629,548,39033568.1637,"[3-195], [198-217], [220-359], [361-555]",38709346.474
194223:2630,52,6471312.91556,[61-112],6176596.84693
194224:2630,403,42903698.9083,"[1-126], [129-206], [208-250], [253-309], [312-386], [389-412]",42225235.3047
194225:2630,144,12882972.9536,"[1-23], [26-47], [49-85], [88-149]",12753945.0522
194270:2632,13,1492032.39525,[56-68],1468927.67698
194303:2634,45,5286795.12681,"[56-66], [69-102]",5068925.82046
194304:2634,44,4950198.72172,"[1-43], [46-46]",4810434.42593
194305:2634,84,8847943.25072,[1-84],8658738.3765
194314:2635,247,28787381.0571,"[52-130], [133-300]",28184420.5997
194315:2635,459,42161157.6666,"[1-10], [13-314], [317-428], [431-452], [455-467]",41630208.1078
194317:2635,20,1563381.98488,[1-20],1486670.70225
194424:2644,633,68106586.9453,"[63-141], [144-195], [198-266], [268-421], [424-478], [481-531], [534-553], [556-708]",66816702.3524
194428:2644,461,36251100.8009,"[1-85], [87-122], [125-294], [296-465]",35918136.7756
194429:2644,1009,56315591.5939,"[1-4], [7-54], [57-147], [150-411], [413-742], [745-986], [988-1019]",55908948.7639
194439:2645,60,8152076.63006,"[46-77], [79-106]",7801697.22904
194455:2646,219,27842973.5044,"[45-64], [67-140], [142-255], [293-303]",27118553.8394
194464:2646,206,22256555.2527,"[1-127], [130-142], [145-210]",21859494.8469
194479:2646,435,37009815.8434,"[1-44], [165-232], [235-262], [265-374], [377-431], [434-489], [492-529], [531-566]",36591320.4614
194480:2646,1394,80978264.7481,"[1-32], [34-205], [207-375], [377-387], [389-759], [762-956], [959-1402]",80386312.0427
194533:2648,823,77487619.0436,"[46-379], [382-415], [417-618], [620-872]",76524026.953
194619:2649,80,10197871.5365,[31-110],9956076.81431
194631:2649,219,24614624.1915,"[1-42], [44-100], [102-169], [171-222]",23783105.103
194643:2649,287,27942494.717,[1-287],27467854.7307
194644:2649,415,33526952.0041,"[1-168], [171-181], [184-185], [187-319], [321-421]",33239341.5297
194691:2651,241,29167025.7378,"[61-104], [107-155], [158-251], [254-268], [271-272], [275-289], [292-313]",28283821.3029
194699:2651,247,22898424.1806,"[1-30], [32-52], [55-64], [67-71], [73-154], [157-215], [218-238], [241-259]",22567305.9292
194702:2651,189,15667767.1189,"[1-138], [141-191]",15505396.7545
194704:2651,588,41138323.0831,"[1-41], [44-545], [548-592]",40765510.054
194711:2651,618,34332715.618,"[1-7], [9-619]",34040864.0004
194712:2651,753,33890376.3762,"[1-56], [61-418], [420-625], [627-759]",33664086.3776
194735:2653,83,10302304.5965,"[44-71], [74-101], [104-130]",9993357.90712
194778:2657,159,19637156.6181,"[60-118], [120-219]",18963634.8033
194789:2657,552,52910269.8952,"[1-18], [21-32], [34-80], [82-166], [168-269], [272-405], [409-414], [417-427], [430-566]",52251822.1504
194790:2657,45,3626010.65294,[1-45],3540964.35826
194825:2658,148,19520642.0167,"[72-117], [120-221]",18840838.2413
194896:2660,66,9087410.36941,"[34-55], [58-79], [82-103]",8617279.37246
194897:2660,100,12808801.7892,"[1-6], [8-78], [80-102]",12477790.8181
194912:2663,1580,155549433.511,"[53-70], [72-96], [98-444], [446-450], [453-467], [470-561], [564-660], [663-813], [815-840], [843-864], [866-1004], [1007-1025], [1027-1067], [1069-1137], [1140-1166], [1168-1249], [1251-1304], [1307-1444], [1447-1487], [1489-1503], [1506-1662]",152287910.655
194914:2663,38,2470729.51775,[1-38],2434302.75063
194915:2663,74,4662550.54947,[1-74],4621144.60031
195013:2669,437,55891804.1641,"[94-144], [146-185], [187-206], [208-299], [302-324], [326-366], [369-447], [450-526], [528-541]",54270139.9448
195014:2669,145,15377842.3337,"[1-6], [9-119], [121-148]",15206831.6622
195015:2669,13,1307710.06777,[1-13],1187535.59384
195016:2669,552,48042919.9153,"[1-21], [23-55], [58-63], [65-174], [177-184], [186-241], [243-246], [248-251], [254-367], [370-422], [425-560], [563-569]",47540971.1087
195099:2670,171,24360357.3559,"[70-144], [147-186], [189-208], [211-224], [227-248]",23593804.6639
195109:2671,144,20069467.5466,[98-241],19429738.2498
195112:2671,24,2835415.55493,"[1-12], [15-26]",2426600.21292
195113:2671,569,57414186.665,"[1-209], [212-388], [391-403], [406-419], [422-492], [495-579]",56490598.914
195114:2671,101,8582658.92732,"[1-69], [72-103]",8431454.57155
195115:2671,20,1642311.50669,"[1-7], [10-22]",1624200.28383
195147:2673,416,53382668.7616,"[132-282], [285-294], [297-331], [334-363], [366-442], [445-536], [539-559]",52093182.8422
195163:2675,269,36793885.1229,"[72-138], [140-224], [227-240], [243-243], [246-347]",35549066.1516
195164:2675,64,7908004.33324,[1-64],7734899.91261
195165:2675,257,28753944.438,"[1-4], [7-41], [44-54], [56-153], [156-260], [263-266]",28269636.5732
195251:2683,236,31336898.8809,"[1-131], [134-137], [140-152], [154-165], [167-242]",30484645.8754
195303:2686,295,39161385.5725,"[109-191], [194-277], [280-310], [312-316], [318-409]",37610746.3286
195304:2686,1206,107578183.219,"[1-3], [6-22], [27-80], [83-100], [103-154], [157-341], [344-588], [590-727], [729-1003], [1006-1079], [1083-1140], [1143-1229]",106506589.411
195378:2691,1029,99884471.3897,"[90-117], [120-127], [130-185], [187-204], [206-302], [305-542], [544-565], [567-645], [647-701], [703-734], [737-1120], [1122-1133]",98695569.0881
195390:2691,389,19908340.2868,"[1-1], [4-27], [30-145], [147-183], [186-187], [190-208], [210-213], [215-400]",19787230.6519
195396:2692,79,11151547.1831,"[49-55], [58-63], [66-131]",10623807.4337
195397:2692,1188,117854375.478,"[1-10], [12-89], [92-120], [123-141], [143-251], [253-253], [256-475], [478-525], [527-608], [611-776], [779-970], [972-1121], [1123-1181], [1184-1198], [1200-1209]",116333903.675
195398:2692,1756,90018474.8724,"[3-137], [139-494], [497-585], [587-817], [820-824], [827-1225], [1228-1307], [1309-1712], [1721-1736], [1741-1752], [1767-1795]",89227117.7851
195399:2692,381,13237409.8857,"[1-192], [194-382]",13114576.3248
195530:2698,399,46786056.8916,"[1-80], [82-104], [107-156], [159-300], [302-405]",46082156.3408
195540:2700,246,32673528.9715,"[68-123], [126-137], [140-283], [286-319]",31922026.9217
195551:2701,16,2282050.22258,[91-106],1994198.17258
195552:2701,1768,154929434.112,"[1-21], [23-27], [30-147], [149-155], [158-182], [185-287], [290-349], [352-469], [472-815], [818-823], [825-883], [885-1152], [1154-1300], [1303-1789]",153067185.416
195633:2710,3,462690.051192,[40-42],333722.731318
195647:2710,41,5351656.18634,[1-41],5224937.5451
195649:2710,242,28860426.1472,"[1-69], [72-151], [154-181], [183-247]",28373027.7071
195655:2710,490,46923445.4934,"[1-129], [131-184], [186-260], [263-350], [353-446], [448-483], [485-498]",46361268.8549
195656:2710,362,28660488.8114,[1-362],28436825.0965
195658:2710,382,24535232.7225,"[1-37], [40-362], [364-382], [384-386]",24259202.5216
195749:2711,128,17811242.6797,"[1-8], [10-33], [36-131]",17005379.7636
195757:2711,201,25124913.8445,"[1-82], [85-115], [118-161], [163-206]",23871810.3934
195758:2711,18,2105866.09867,[1-18],2020044.56352
195774:2712,815,97053380.5459,"[1-13], [16-137], [139-151], [154-162], [164-256], [258-276], [279-362], [365-466], [469-618], [620-649], [651-830]",95198568.6895
195775:2712,166,13913082.3684,"[1-57], [60-100], [103-170]",13695895.8688
195776:2712,469,34141547.1491,"[1-63], [66-283], [286-337], [340-399], [401-409], [411-477]",33859560.9393
195841:2713,12,1775573.61885,[74-85],1627044.11054
195868:2714,202,26488231.3657,"[1-88], [90-107], [110-205]",25778797.2749
195915:2717,838,95715357.5442,"[1-109], [111-275], [278-390], [393-417], [419-429], [432-505], [507-747], [749-785], [787-828], [830-850]",94225841.7579
195916:2717,208,17882108.769,"[1-16], [19-68], [71-212]",17729587.0617
195917:2717,4,324897.238644,[1-4],321217.524835
195918:2717,61,4888035.22766,"[1-44], [46-46], [49-64]",4833095.00519
195919:2717,15,1180062.07455,[1-15],1171089.35743
195923:2717,14,1083396.50381,[1-14],1075266.52727
195925:2717,12,918413.356063,[1-12],910496.781623
195926:2717,32,2421953.2526,"[1-1], [3-19], [21-34]",2405494.34126
195929:2717,29,2127541.08654,[1-29],2112263.197
195930:2717,590,37956998.863,"[1-77], [80-176], [179-526], [529-596]",37580140.6425
195937:2717,393,21067391.6771,"[1-28], [31-186], [188-396]",20926797.7914
195947:2718,65,9320169.14581,"[23-62], [64-88]",6510495.89376
195948:2718,547,63666706.2023,"[51-116], [119-144], [147-147], [150-352], [355-369], [372-402], [404-500], [503-540], [543-565], [567-602], [605-615]",62367403.3432
195950:2718,1562,111636302.498,"[1-71], [73-138], [141-169], [172-332], [335-350], [353-382], [385-421], [424-450], [453-483], [485-616], [619-715], [718-787], [789-800], [803-829], [831-831], [833-1587]",110361784.034
195963:2719,5,754325.274671,[54-58],726581.463403
195970:2720,41,5966032.7872,"[44-49], [51-85]",2372202.60703
196019:2723,15,2199664.01751,[54-68],1908216.96641
196027:2723,181,22528112.1923,"[1-55], [58-119], [121-155], [158-186]",22132500.4061
196046:2724,29,4253358.29587,[12-40],3979327.66928
196047:2724,70,9798587.39285,"[1-64], [70-75]",9168939.40486
196048:2724,47,6218192.71362,"[1-44], [46-48]",5962492.21543
196197:2726,499,64561358.1786,"[58-122], [125-179], [181-311], [313-516], [519-562]",62977475.4058
196199:2726,524,50955202.9752,"[1-33], [36-83], [86-118], [121-147], [150-237], [239-285], [287-534]",50348847.9408
196200:2726,68,5734603.57999,[1-68],5685893.3049
196202:2726,104,8390703.85508,"[3-61], [64-108]",8304648.81117
196203:2726,113,8666613.40705,"[1-102], [107-117]",8609649.29243
196218:2728,757,91366767.5842,"[55-199], [201-224], [226-393], [396-494], [496-741], [744-752], [754-757], [759-820]",89792209.9718
196239:2728,1011,78738289.3471,"[1-59], [62-154], [157-272], [274-373], [375-432], [435-465], [468-647], [650-706], [709-1025]",78128767.8162
196249:2729,35,5213905.33116,"[63-77], [80-99]",4967781.43182
196250:2729,423,54436286.718,"[1-2], [5-265], [267-426]",53323503.253
196252:2729,35,3914792.14174,[1-35],3871888.06535
196334:2732,270,37805012.2676,"[59-111], [113-123], [126-132], [135-167], [170-193], [196-257], [259-267], [270-289], [292-342]",36884196.1455
196349:2733,190,27318504.1637,"[65-84], [86-154], [157-244], [246-258]",26561004.2203
196357:2733,4,452560.411249,[1-4],417223.794274
196359:2733,2,224188.642662,[1-2],186935.475312
196362:2733,88,9422674.6246,[1-88],9219832.97206
196363:2733,32,3269926.73739,"[1-8], [11-34]",3198541.15159
196364:2733,1283,97593011.8416,"[1-93], [96-136], [139-365], [368-380], [382-601], [603-795], [798-884], [887-1196], [1199-1200], [1203-1299]",96692124.1313
196437:2734,166,14496639.7835,"[1-1], [3-74], [77-169]",14376711.7906
196438:2734,1266,84162758.2199,"[1-181], [184-699], [701-1269]",83573693.6566
196452:2736,995,115236223.421,"[82-112], [114-490], [493-586], [589-618], [622-668], [671-716], [718-726], [728-956], [958-1004], [1007-1091]",112594665.361
196453:2736,1630,114181877.977,"[1-74], [77-145], [147-669], [673-714], [717-799], [802-988], [991-1178], [1180-1180], [1182-1248], [1250-1528], [1531-1647]",113255823.083
196495:2737,158,21272539.7273,"[114-180], [182-272]",20795558.016
196509:2737,68,7217292.78462,[1-68],7133651.40991
196531:2739,370,48954373.3085,"[62-150], [152-253], [256-285], [288-302], [305-422], [425-440]",48069731.519
198049:2797,55,269480.474754,"[1-11], [14-57]",264633.109163
198050:2797,154,722244.636973,[2-155],711489.033953
198063:2797,289,1225008.98952,"[1-37], [40-72], [74-124], [127-294]",1211871.69309
198116:2798,73,5995404.93013,"[36-52], [54-55], [58-96], [98-112]",5786706.53886
198207:2805,97,6895685.0317,[1-97],6809414.96208
198208:2805,204,12904955.173,"[1-92], [94-134], [137-147], [150-209]",12721727.4707
198210:2805,221,12130138.1234,[1-221],12042684.2014
198212:2805,574,25473039.7893,[1-574],25193759.6939
198213:2805,107,4030469.73391,[1-107],3938436.78317
198215:2805,12,434226.982387,[1-12],427876.160391
198230:2806,1358,97308934.871,"[1-33], [36-57], [60-235], [237-324], [326-388], [390-459], [462-625], [627-651], [653-805], [808-811], [814-948], [950-1090], [1093-1103], [1106-1332], [1335-1380]",96444756.0679
198249:2806,7,345328.590431,[1-7],342505.961621
198269:2807,196,25097849.0978,[3-198],24719410.2736
198271:2807,784,73787152.6169,"[1-91], [93-170], [173-299], [301-450], [453-513], [516-616], [619-628], [631-791], [793-797]",72939016.4312
198272:2807,603,40059301.4214,"[1-185], [188-245], [248-314], [317-433], [436-444], [454-620]",39612330.2068
198346:2810,4,482245.641681,[44-47],425124.083121
198372:2812,54,6905842.33096,[57-110],6695049.47605
198485:2816,167,21087724.8077,"[68-109], [112-134], [136-181], [184-239]",20797945.9905
198487:2816,1596,126488409.697,"[1-145], [147-514], [517-668], [671-733], [736-757], [760-852], [854-994], [997-1434], [1437-1610]",125087922.097
198522:2819,142,17821044.5562,"[65-144], [147-208]",17473960.752
198941:2840,178,22259272.5397,"[102-189], [191-220], [222-241], [243-249], [252-284]",21907773.0339
198954:2842,168,19880836.186,"[108-156], [159-277]",19559243.7465
198955:2842,1524,116542432.181,"[1-45], [47-50], [53-220], [223-269], [271-284], [286-338], [340-580], [583-742], [744-910], [913-946], [949-1162], [1165-1169], [1172-1182], [1185-1188], [1190-1246], [1249-1304], [1306-1467], [1470-1485], [1487-1552]",115267532.446
198969:2843,1180,108348630.797,"[58-81], [84-247], [249-323], [325-365], [367-413], [416-466], [468-643], [646-918], [920-1011], [1013-1175], [1178-1236], [1239-1253]",107160278.777
199008:2847,558,61478952.4718,"[75-93], [95-121], [124-208], [211-331], [333-373], [376-482], [485-605], [608-644]",60417438.1378
199011:2847,23,2127356.70989,"[1-11], [13-24]",2107957.32626
199021:2848,1420,126628337.275,"[59-88], [91-128], [130-133], [136-309], [311-333], [335-410], [414-469], [471-533], [535-563], [565-1223], [1226-1479], [1481-1494]",125005321.053
199318:2858,74,10409816.0682,[65-138],10068581.5251
199319:2858,973,98305613.6362,"[1-7], [9-223], [226-277], [280-348], [351-358], [360-422], [424-490], [492-493], [496-612], [615-642], [645-720], [723-728], [730-731], [734-741], [744-943], [945-997]",96915497.8501
199336:2858,968,60895617.7154,"[1-33], [36-122], [125-231], [234-614], [617-789], [791-977]",60438872.7623
199356:2861,132,17426797.4982,"[95-121], [123-168], [171-205], [208-231]",17129277.0668
199409:2870,1267,110561915.24,"[25-54], [56-89], [91-204], [206-290], [293-583], [586-602], [604-1014], [1016-1300]",109217879.446
199428:2871,575,61103577.6041,"[61-197], [200-210], [212-382], [387-414], [417-436], [439-530], [533-648]",60101390.3111
199429:2871,146,12227520.6306,"[1-28], [30-36], [39-55], [58-101], [103-148], [151-154]",12090801.2466
199435:2872,1527,126804051.567,"[63-106], [109-261], [263-579], [582-654], [656-696], [699-1034], [1037-1144], [1147-1327], [1330-1411], [1414-1431], [1434-1441], [1444-1487], [1489-1610]",125243790.853
199436:2872,742,36238485.9399,"[1-113], [116-254], [257-675], [678-748]",35939367.4382
199564:2873,3,396619.711976,[1-3],386491.129134
199569:2873,363,36073402.294,"[1-2], [5-136], [139-367]",35620344.3537
199570:2873,17,1504715.59795,[1-17],1436681.4746
199571:2873,558,43090726.2721,"[1-184], [186-360], [363-561]",42504368.5591
199572:2873,317,20141645.6571,[1-317],19902159.949
199573:2873,22,1311332.34617,[1-22],1286189.43631
199574:2873,242,13564045.7166,"[1-53], [56-153], [156-246]",13475436.8598
199608:2875,2343,168824011.431,"[60-157], [159-209], [211-341], [344-390], [392-461], [464-800], [802-1064], [1067-1392], [1395-1630], [1633-1904], [1907-1962], [1965-2252], [2255-2422]",167118112.833
199698:2880,55,6609771.28101,"[72-94], [96-127]",6479772.17537
199699:2880,751,69146934.3391,"[1-154], [157-169], [172-410], [412-756]",68208518.9176
199703:2880,525,33326233.0247,"[1-94], [97-482], [485-529]",33072271.0732
199739:2882,68,8472907.17363,[66-133],8354311.34548
199751:2884,24,2941842.9631,"[103-119], [121-127]",2830945.94927
199752:2884,316,33162756.6223,"[1-141], [144-180], [182-186], [188-211], [214-322]",32543746.1802
199753:2884,59,5509135.22102,[1-59],5394658.96413
199754:2884,990,69171124.3502,"[1-203], [205-325], [328-457], [459-607], [610-613], [615-806], [808-998]",68478250.3265
199804:2886,543,57856060.6478,"[78-88], [90-181], [183-235], [238-278], [281-290], [292-519], [522-575], [577-628], [631-632]",57184772.3244
199812:2887,693,71087936.9347,"[70-141], [144-163], [182-211], [214-471], [474-505], [508-557], [560-571], [574-623], [626-751], [754-796]",70076003.3282
199833:2888,1227,103103593.891,"[1-13], [16-103], [105-250], [253-493], [496-794], [797-1032], [1034-1185], [1188-1239]",101546954.148
199862:2891,83,11075110.7504,[59-141],10765578.541
199864:2891,478,51989856.2749,"[1-87], [89-89], [92-103], [106-372], [374-385], [388-486]",50971931.9971
199867:2891,316,27057265.3607,"[1-134], [136-172], [174-218], [221-320]",26672341.1766
199868:2891,21,1635096.01869,[1-21],1621133.94602
199875:2892,264,32986091.2008,"[70-150], [152-334]",31711131.6606
199876:2892,366,36410375.6363,"[1-19], [22-95], [97-249], [252-272], [274-340], [343-362], [365-376]",35985362.3938
199877:2892,868,62275819.8289,"[1-173], [175-605], [607-701], [703-871]",61733435.344
199960:2893,397,46322286.6134,"[72-139], [141-197], [204-232], [235-363], [365-367], [370-380], [383-459], [461-466], [469-485]",45680205.7181
199961:2893,286,26574006.4259,"[1-211], [213-287]",26239162.4316
199973:2896,17,2267948.82263,[73-89],2204275.17138
200041:2898,1012,98908542.6432,"[62-83], [85-157], [162-274], [277-318], [321-335], [337-386], [388-389], [392-400], [402-568], [571-593], [595-646], [649-728], [731-860], [862-930], [932-1096]",97564530.0958
200042:2898,535,31944012.187,"[1-110], [112-536]",31660070.2944
200049:2898,177,8517851.81282,[1-177],8471702.72626
200075:2900,498,55692617.9185,"[76-139], [142-232], [256-326], [329-422], [425-431], [434-500], [502-605]",55001150.6717
200091:2902,1611,139879382.179,"[67-67], [70-151], [154-172], [174-187], [190-196], [199-201], [204-425], [428-535], [537-607], [610-879], [881-943], [946-999], [1001-1025], [1027-1132], [1135-1339], [1341-1433], [1435-1450], [1453-1523], [1526-1664], [1667-1680], [1683-1710]",138264311.5
200152:2905,43,5648259.34865,[74-116],5481183.89823
200180:2908,18,2213429.94759,[1-18],2161131.48232
200188:2908,344,34927560.7764,"[1-24], [27-28], [31-76], [79-271], [274-352]",34441809.6728
200190:2908,856,62679217.7403,"[1-4], [6-76], [79-143], [146-159], [162-256], [258-321], [324-401], [403-453], [456-457], [460-565], [567-588], [591-591], [593-595], [597-646], [649-878]",61835851.7607
200229:2911,614,49211632.734,"[1-33], [41-219], [222-244], [247-290], [293-624], [627-629]",48463845.8616
200243:2912,69,9723531.20504,"[69-103], [106-139]",9440211.67105
200244:2912,611,67676577.4416,"[3-304], [307-442], [445-507], [510-619]",66587048.2399
200245:2912,352,28695705.0801,"[1-103], [105-128], [131-248], [251-357]",28433087.2384
200368:2918,109,10358050.6716,[72-180],10172784.5827
200369:2918,675,52023961.0737,"[1-5], [8-61], [64-360], [363-439], [441-578], [580-603], [606-684], [686-686]",51457954.9826
200381:2920,184,24997707.4211,"[8-15], [18-36], [38-89], [91-195]",24537265.1097
200466:2926,141,6082965.41647,[134-274],5958303.24488
200473:2927,1213,99079740.3739,"[96-157], [159-224], [226-304], [306-469], [472-524], [527-542], [545-619], [622-688], [691-730], [733-738], [740-1324]",98116541.9919
200491:2928,317,39993870.1674,"[87-107], [110-149], [152-157], [160-197], [199-237], [240-270], [273-273], [276-334], [336-360], [363-419]",39256191.0494
200515:2929,87,12373886.7796,[97-183],11988398.9086
200519:2929,735,75840121.2096,"[1-111], [114-126], [129-136], [138-224], [227-258], [261-350], [353-611], [613-747]",74809362.5277
200525:2932,896,96025195.9254,"[77-149], [151-164], [166-190], [193-276], [278-311], [314-464], [467-488], [491-674], [676-704], [707-755], [757-895], [898-937], [939-990]",94513486.3018
200532:2932,37,2908234.73017,[1-37],2883400.68944
200599:2934,61,8860617.13409,"[75-129], [132-137]",8529394.15246
200600:2934,1116,110048250.06,"[1-183], [186-299], [302-313], [316-324], [327-334], [336-397], [399-417], [420-526], [529-591], [594-609], [611-660], [663-823], [826-900], [902-943], [945-1139]",108603824.789
200990:2976,69,9289878.16357,[75-143],8900592.615
200991:2976,1033,97698501.3475,"[1-42], [44-44], [47-80], [83-175], [178-181], [184-252], [255-632], [635-916], [918-1017], [1019-1048]",96153549.3996
200992:2976,578,35274290.874,"[1-405], [408-434], [436-581]",35028608.6917
201062:2978,191,26850843.3157,[78-268],26058511.571
201097:2980,407,51667859.7714,"[83-136], [138-245], [248-300], [303-370], [372-429], [432-497]",50291477.4688
201114:2981,14,2156290.39974,[1-14],1942006.04259
201115:2981,73,10621795.518,[1-73],10216052.3864
201159:2983,142,20921946.0436,[70-211],19554229.0647
201164:2983,409,48511571.482,"[1-8], [10-94], [96-125], [128-178], [180-198], [200-271], [274-416], [418-418]",47503896.7347
201168:2983,725,60984294.5116,"[1-37], [39-275], [278-481], [483-558], [560-730]",60208205.8823
201173:2983,584,35034433.3408,"[1-194], [197-586]",34784670.2107
201174:2983,447,21180890.5221,"[1-214], [216-263], [265-339], [342-451]",20988842.8041
201193:2984,19,1317887.18081,[1-19],1271385.17848
201196:2984,811,46514834.3209,"[1-238], [241-278], [286-299], [302-338], [341-515], [518-720], [723-789], [803-841]",46082073.9305
201197:2984,23,1095027.90716,[1-23],1041929.90648
201202:2984,437,17064495.48,[1-437],16884031.2764
201229:2987,69,10574368.8277,"[1-5], [8-26], [29-73]",10306481.2008
201278:2991,2089,169892907.962,"[62-163], [166-229], [232-256], [259-316], [318-595], [598-938], [942-974], [976-1160], [1163-1304], [1306-1793], [1796-1802], [1805-1906], [1909-1929], [1932-2174]",167787637.538
201554:2995,55,8394476.09241,"[70-86], [88-114], [116-126]",8096539.75403
201602:2996,555,69732253.8412,"[76-81], [83-194], [196-494], [496-614], [617-635]",67853588.1907
201611:2997,96,14871754.8781,"[87-145], [149-182], [184-186]",13892554.1995
201613:2997,636,75310147.8199,"[1-42], [44-49], [53-210], [213-215], [218-225], [228-646]",74305031.6685
201624:2998,157,24892614.6641,"[83-92], [95-240], [270-270]",23745491.6526
201625:2998,724,72214375.0894,"[211-312], [315-348], [351-416], [418-588], [591-671], [673-758], [760-791], [793-944]",71399691.132
201657:3000,40,6449003.25821,"[77-93], [95-108], [110-118]",5913992.89212
201658:3000,283,38645237.5237,"[1-19], [21-118], [121-136], [139-288]",37874503.0642
201668:3002,80,12541009.0913,[78-157],11893449.3447
201669:3002,160,22472586.4628,"[1-9], [12-136], [139-141], [143-165]",21901267.332
201671:3002,990,94828536.2268,"[1-120], [122-174], [177-462], [464-482], [485-499], [501-545], [547-571], [574-614], [617-766], [768-896], [899-911], [914-1007]",93552251.3632
201678:3002,120,8276211.9756,[1-120],8192247.07431
201679:3002,474,28482442.8669,"[1-110], [112-241], [244-298], [302-321], [324-461], [463-483]",28194575.3203
201692:3003,101,15781838.6797,"[78-81], [83-179]",15247811.3646
201705:3005,121,17876852.6778,"[65-73], [75-109], [111-187]",17299194.9179
201706:3005,62,8356332.51077,[1-62],8082745.61953
201707:3005,939,91968103.3067,"[1-23], [26-42], [45-115], [118-130], [133-160], [163-276], [279-471], [473-511], [514-545], [547-570], [572-622], [625-735], [738-806], [809-876], [879-964]",90909423.2622
201708:3005,79,5735937.35269,[1-79],5691964.73295
201718:3006,51,7685409.08073,[58-108],7488138.6454
201727:3007,119,17540129.723,[67-185],16971009.7858
201729:3007,232,29126834.0519,"[6-20], [22-75], [77-126], [129-154], [156-216], [219-244]",28684434.0562
201794:3009,37,6016499.39037,[58-94],5723797.69916
201802:3011,224,32934516.9032,"[68-209], [211-214], [216-220], [223-288], [290-296]",31535325.8906
201816:3011,155,15717905.2525,"[1-72], [74-105], [107-157]",15514677.0747
201817:3011,274,24344278.9445,[1-274],23985384.236
201818:3011,1,81278.8108657,[1-1],79173.6896069
201819:3011,240,18335265.8634,"[1-94], [96-241]",18098225.5075
201824:3011,487,30885460.7652,"[1-139], [141-176], [179-286], [289-492]",30629672.1194
202012:3016,30,4224645.62448,"[98-121], [126-131]",3311735.63399
202013:3016,53,7072964.7761,"[1-2], [5-35], [38-57]",6207060.33002
202014:3016,187,21748905.622,"[1-5], [8-14], [16-18], [20-77], [79-102], [104-174], [177-190], [192-196]",19760601.1926
202016:3016,998,78045076.3811,"[1-48], [51-134], [137-177], [179-743], [745-831], [834-890], [893-896], [898-932], [934-1010]",77372785.4476
202044:3018,379,48378139.9223,"[84-101], [104-266], [268-461], [463-466]",47304648.5178
202045:3018,802,70449452.7029,"[1-30], [33-72], [75-528], [531-601], [603-785], [788-809], [822-823]",69619945.4626
202054:3018,621,36430144.3998,"[6-266], [268-489], [492-605], [608-631]",36193360.9944
202060:3019,853,90889012.02,"[76-142], [144-154], [156-244], [246-497], [499-642], [644-682], [684-743], [746-936]",89640068.4692
202074:3020,109,16067147.2819,[66-174],15529343.1368
202075:3020,609,67259421.7457,"[1-18], [21-187], [189-214], [217-247], [250-342], [345-406], [409-497], [500-537], [539-539], [542-560], [562-615], [618-628]",66326284.6331
202084:3021,153,21307743.9803,"[83-156], [159-177], [179-180], [182-239]",20683282.4839
202087:3021,1085,99694234.4454,"[1-25], [28-208], [210-357], [359-652], [655-853], [856-1093]",98402851.5342
202088:3021,286,17758043.0763,[1-286],17594834.072
202093:3021,357,18316091.5089,"[1-104], [107-320], [322-360]",18176912.5962
202116:3023,2,322036.398016,[59-60],303885.466155
202178:3025,1465,129396747.919,"[67-78], [80-88], [91-177], [180-186], [188-337], [340-377], [379-425], [428-475], [478-548], [551-717], [720-965], [967-1444], [1447-1505], [1508-1519], [1522-1555]",127877625.519
202205:3027,21,2912495.14862,[94-114],2830666.29543
202209:3027,140,17819290.6427,"[1-48], [51-142]",17528683.5471
202237:3029,1021,116500614.705,"[39-128], [131-131], [134-219], [222-235], [238-275], [277-289], [291-316], [319-419], [422-538], [540-936], [939-950], [952-976], [979-1079]",114700690.993
202272:3032,1274,110146735.466,"[76-112], [115-141], [144-185], [188-205], [208-305], [307-313], [315-371], [436-480], [483-555], [558-577], [579-683], [686-705], [707-740], [742-890], [937-1295], [1299-1481]",108826679.231
202299:3033,476,62039570.2008,"[68-84], [87-141], [143-193], [196-358], [361-379], [382-414], [416-452], [455-555]",60717907.0479
202305:3033,319,22112363.8641,"[1-89], [92-130], [133-323]",21952134.8226
202314:3034,208,32387411.4362,"[67-104], [107-265], [268-278]",31471223.0515
202328:3036,557,72717013.0724,"[46-89], [92-156], [158-276], [278-291], [294-434], [437-460], [463-586], [588-610], [612-614]",71130452.1217
202333:3036,235,23337371.701,[1-235],23103449.2662
202389:3039,116,18046830.47,"[81-182], [185-190], [192-199]",17487290.2389
202469:3045,263,38423387.2285,"[87-158], [160-174], [177-352]",37521943.8045
202472:3045,110,13387301.4625,"[1-96], [99-112]",13123940.4071
202477:3045,149,16207456.0907,"[1-129], [131-150]",15890208.8308
202478:3045,1229,94846728.7478,"[1-177], [180-183], [186-219], [222-360], [362-506], [509-531], [534-718], [720-927], [929-973], [975-1029], [1031-1186], [1189-1212], [1215-1248]",93931656.5496
202504:3047,1606,142878055.542,"[77-96], [99-133], [135-182], [184-211], [213-241], [243-392], [395-527], [529-617], [620-715], [718-763], [766-1172], [1174-1247], [1250-1471], [1474-1679], [1682-1704]",140967959.389
202972:3067,535,57446513.0132,"[1-30], [33-184], [186-290], [292-295], [298-371], [374-429], [431-544]",56741590.885
202973:3067,1397,86734192.4499,"[1-234], [237-305], [308-437], [439-530], [532-541], [544-552], [555-851], [853-1408]",86076596.2136
203002:3071,1496,139081930.76,"[77-128], [130-141], [144-207], [209-267], [270-360], [362-501], [504-641], [643-669], [671-671], [674-717], [720-1034], [1037-1070], [1073-1370], [1372-1392], [1395-1410], [1413-1596]",137024840.11
203894:3113,1232,100754157.549,"[82-272], [275-477], [480-902], [905-1319]",99768034.4071
203909:3114,298,41014412.4313,"[79-113], [116-117], [120-140], [143-382]",39612018.6303
203912:3114,1311,104714778.732,"[1-306], [308-566], [569-609], [611-698], [701-820], [823-865], [867-1033], [1035-1321]",103735640.627
203985:3121,10,1301918.24251,[1-10],471159.82659
203986:3121,45,5695082.23391,[1-45],2343100.99645
203987:3121,1007,93441415.1976,"[1-9], [12-241], [243-339], [342-781], [784-1014]",92600211.8439
203991:3121,3,209821.264168,[1-3],125566.927023
203992:3121,15,1043570.14501,[1-15],907091.022151
203994:3121,419,26126079.1898,"[1-56], [59-136], [139-304], [306-342], [344-425]",25840595.2413
204100:3124,23,3610826.70585,[117-139],3429829.29421
204101:3124,74,11067534.3677,[1-74],10710625.8315
204113:3126,597,77847418.9549,"[82-96], [98-102], [105-127], [129-191], [194-258], [261-327], [329-388], [390-400], [402-583], [585-690]",76253142.978
204114:3126,358,33895353.2475,[1-358],33474091.2894
204238:3128,31,4490737.20866,"[23-52], [55-55]",4372524.3879
204250:3129,697,80912138.626,"[92-118], [121-177], [179-285], [287-336], [339-400], [403-521], [524-543], [546-682], [684-801]",79589677.1461
204511:3131,56,5956761.85539,[1-56],5900348.06632
204541:3133,194,29430522.0483,"[5-39], [42-42], [44-139], [142-149], [151-204]",27932464.9281
204544:3133,419,47879903.6205,"[1-11], [13-93], [96-195], [197-224], [226-334], [337-426]",46970982.6689
204552:3133,9,627705.197965,[1-9],575171.134042
204553:3133,98,6634953.15618,"[1-51], [53-60], [63-101]",6544609.49258
204554:3133,507,30079181.6639,"[1-5], [7-221], [224-455], [458-470], [472-481], [483-514]",29790338.71
204555:3133,333,16630176.3974,"[1-329], [331-334]",16543882.8961
204563:3134,468,60495571.5335,"[91-99], [102-178], [180-219], [222-229], [231-364], [366-366], [369-470], [473-524], [527-571]",59228575.5556
204564:3134,1261,104033109.229,"[1-84], [87-89], [92-159], [161-187], [190-191], [193-293], [296-315], [317-340], [343-427], [429-434], [437-735], [737-855], [858-1206], [1209-1248], [1251-1284]",102916555.496
204565:3134,48,2865254.41404,[1-48],2815443.37001
204566:3134,12,703648.36202,[1-12],658415.003729
204567:3134,38,2200438.22153,[1-38],2185485.7121
204576:3135,251,36284997.7445,"[49-192], [195-301]",34345637.3795
204577:3135,1265,117123704.504,"[1-46], [49-64], [67-105], [107-170], [173-181], [183-193], [196-653], [656-669], [671-740], [742-913], [915-1057], [1059-1115], [1117-1282]",115882174.608
204599:3138,248,36697408.1602,"[73-83], [85-94], [97-121], [124-125], [128-173], [175-240], [243-245], [248-264], [266-292], [294-334]",35678384.0501
204601:3138,1223,106575957.458,"[1-25], [28-62], [65-80], [83-89], [92-290], [292-563], [565-591], [593-652], [655-780], [783-812], [814-892], [894-984], [986-1003], [1006-1038], [1040-1088], [1091-1102], [1105-1161], [1164-1250]",105446788.141
205086:3169,55,412792.97869,[95-149],401788.266075
205111:3178,356,47965215.3204,"[88-390], [392-441], [444-446]",47011338.2365
205158:3182,637,76218224.6127,"[81-289], [292-313], [315-473], [476-591], [594-595], [597-612], [615-663], [665-667], [672-685], [687-733]",74858412.8677
205193:3185,817,93327599.0324,"[80-109], [111-349], [352-486], [488-650], [652-712], [714-902]",91934580.9838
205217:3185,310,23892767.5508,"[1-12], [16-111], [113-171], [174-250], [253-318]",23703458.7088
205233:3188,60,8845123.61257,[94-153],8506127.34215
205236:3188,345,40626315.0575,"[1-190], [193-207], [209-260], [263-331], [334-352]",39892041.2217
205238:3188,606,50437921.3214,"[1-6], [9-199], [202-254], [256-304], [306-355], [358-381], [384-596], [598-617]",49862354.2215
205303:3191,73,10372031.3204,"[35-54], [90-132], [135-144]",10158315.3544
205310:3192,474,59185871.966,"[76-306], [309-313], [316-316], [319-321], [324-457], [460-559]",58104777.4481
205311:3192,1249,89439272.7524,"[1-85], [88-92], [95-183], [186-395], [397-592], [595-910], [913-1260]",88592090.9167
205339:3194,326,42429759.7317,"[71-175], [178-213], [216-230], [233-262], [265-404]",41606593.8367
205344:3194,1576,120761467.651,"[1-83], [86-104], [106-359], [362-431], [433-949], [951-967], [969-1127], [1129-1346], [1348-1586]",119578728.744
205515:3200,134,17931457.1912,"[82-201], [203-216]",17366229.1101
205519:3200,464,44472313.1398,"[1-47], [50-172], [175-367], [370-386], [389-472]",43855382.4918
205526:3200,328,22383840.4031,"[1-269], [272-277], [280-332]",22181861.9063
205614:3201,38,4036782.74089,"[1-4], [7-40]",3899749.55513
205617:3201,536,44483021.8481,"[1-29], [32-102], [105-123], [125-140], [143-264], [266-448], [451-532], [534-547]",43959191.9654
205618:3201,12,790999.675761,[1-12],748039.618008
205620:3201,175,10348111.9861,[1-175],10280189.8516
205666:3203,668,85175405.4878,"[60-119], [122-165], [168-259], [261-322], [325-578], [580-594], [597-721], [724-739]",83453070.6511
205667:3203,1095,85273117.2737,"[1-165], [168-282], [285-318], [321-412], [415-689], [692-751], [754-774], [777-1109]",84516035.653
205683:3204,224,29041927.6693,"[76-82], [85-178], [181-198], [201-305]",28319977.8402
205690:3204,40,4431193.22468,[1-40],4334962.03875
205694:3204,881,62404059.7012,"[1-205], [208-230], [233-347], [350-452], [455-593], [595-890]",61851396.3823
205718:3207,632,86381882.0977,"[49-75], [78-97], [100-103], [105-176], [178-338], [341-361], [363-524], [527-531], [534-589], [591-694]",84260496.6934
205774:3208,80,10970963.1406,[1-80],10767747.9204
205777:3208,8,1061792.35861,[1-8],924559.551591
205781:3208,499,55069872.6638,"[1-89], [91-197], [200-502]",54243106.1538
205826:3209,385,51596207.7793,"[80-232], [235-303], [306-468]",50580003.7805
205833:3210,264,39035569.0911,"[84-86], [89-121], [123-155], [157-165], [167-173], [176-219], [221-267], [270-312], [315-346], [350-355], [360-366]",37924833.3479
205834:3210,194,23470556.6319,"[1-12], [14-195]",23142085.8426
205908:3212,141,21081894.8358,"[68-200], [202-209]",20497846.2709
205921:3214,811,92078395.185,"[22-73], [76-268], [271-394], [397-401], [410-428], [431-498], [500-571], [574-779], [782-853]",90241452.8912
206066:3220,58,8580360.95258,[89-146],8263652.05539
206088:3223,196,28341860.2288,"[86-159], [161-178], [181-199], [202-286]",27243571.6584
206102:3226,254,35391820.0141,"[83-116], [120-130], [133-208], [211-235], [238-246], [249-278], [281-349]",34446926.4588
206187:3229,588,79171423.8821,"[107-169], [172-242], [245-288], [290-340], [343-427], [429-435], [437-486], [489-569], [571-647], [649-662], [664-708]",77300339.8241
206188:3229,54,5788488.72424,"[1-40], [42-55]",5733631.26455
206199:3231,111,14903394.6678,"[1-75], [77-82], [85-114]",14618333.5248
206207:3232,598,77519286.7401,"[82-130], [132-176], [179-194], [196-388], [390-419], [422-447], [450-569], [572-690]",76222144.1199
206208:3232,517,46462551.3631,"[1-470], [472-518]",46035311.0715
206210:3232,450,30965028.1537,"[11-25], [28-275], [277-298], [300-383], [386-466]",30686888.1774
206243:3236,829,101361991.409,"[62-169], [172-196], [199-354], [357-433], [435-448], [451-533], [536-554], [557-723], [726-905]",99299791.3677
206245:3236,62,5414626.04532,[1-62],5291177.09659
206246:3236,1272,80251047.1727,"[1-14], [16-237], [240-285], [288-407], [412-676], [678-704], [706-785], [787-962], [965-997], [1000-1198], [1201-1290]",79578362.7444
206257:3236,29,1211458.93305,[1-29],1167459.38418
206258:3236,245,9364877.30915,"[1-36], [39-223], [226-249]",9279499.39534
206302:3238,262,34009601.5174,"[1-8], [11-33], [36-44], [47-82], [84-108], [110-149], [151-186], [189-229], [231-232], [234-241], [243-276]",33422826.0369
206303:3238,283,29898819.4739,"[1-19], [23-286]",29465233.145
206304:3238,61,5744489.1822,"[1-4], [6-62]",5697926.92157
206331:3240,220,32601549.1493,"[91-222], [225-312]",31991826.6695
206389:3242,300,42478796.9488,"[88-185], [187-249], [252-272], [275-392]",41291932.2669
206391:3242,90,8977048.41019,"[1-55], [57-91]",8900964.23291
206401:3244,335,49308507.124,"[69-90], [92-194], [197-210], [212-249], [251-265], [267-409]",48103638.0716
206446:3249,1004,115783169.043,"[92-141], [143-159], [162-205], [208-301], [304-442], [445-445], [448-474], [476-616], [619-872], [874-910], [912-948], [950-989], [992-1030], [1033-1075], [1109-1149]",113626061.325
206448:3249,1230,78588397.484,"[1-143], [145-559], [561-1170], [1173-1231], [1235-1237]",77796167.1634
206466:3250,638,81812665.6342,"[24-137], [140-277], [280-296], [299-303], [306-405], [407-419], [422-477], [480-511], [514-676]",80121873.4061
206476:3252,141,21927264.9901,"[73-129], [133-137], [140-141], [143-219]",20680064.8854
206477:3252,171,22786007.5782,"[1-14], [16-31], [33-41], [44-51], [53-70], [73-75], [77-89], [91-94], [97-115], [118-184]",21992471.0888
206478:3252,141,16535080.1021,"[1-27], [29-136], [139-144]",16359226.0916
206484:3253,583,76840220.6677,"[73-95], [98-133], [136-163], [166-186], [189-384], [387-463], [465-551], [554-554], [556-669]",75360245.1596
206512:3259,1103,116923376.769,"[91-123], [125-133], [136-161], [163-190], [193-201], [203-212], [214-332], [334-584], [587-604], [607-1005], [1008-1123], [1126-1163], [1165-1211]",115124713.919
206513:3259,313,22383441.0519,"[3-39], [42-188], [191-234], [237-238], [241-323]",22231369.8707
206542:3261,819,98393035.2421,"[1-115], [117-165], [168-511], [514-547], [550-603], [606-668], [671-727], [730-739], [741-833]",96434061.4372
206550:3262,66,9978705.34499,"[77-132], [135-144]",9582812.77153
206572:3264,11,1783870.85734,[37-47],1394647.38376
206573:3264,13,2006465.54272,[2-14],1825469.08488
206574:3264,87,12241859.4294,[1-87],11975809.5375
206575:3264,66,8431584.9296,"[1-7], [10-10], [12-69]",8269791.83417
206594:3265,206,30299900.9674,"[72-107], [110-246], [249-281]",29432565.4738
206595:3265,189,23275223.647,"[1-34], [37-42], [45-193]",23003553.7283
206596:3265,800,71097869.2427,"[1-13], [15-220], [222-228], [231-236], [239-292], [295-695], [697-728], [730-810]",70360331.2733
206598:3265,714,43318169.891,"[1-81], [83-103], [105-588], [591-657], [659-719]",43001385.133
206605:3265,76,3803748.75065,"[1-36], [39-78]",3782422.90267
206744:3266,398,51172375.5191,"[49-157], [160-192], [195-395], [398-452]",50239895.4363
206745:3266,1850,132866317.899,"[1-81], [84-199], [202-224], [227-237], [240-304], [306-318], [321-720], [723-796], [799-894], [897-944], [946-1106], [1108-1524], [1527-1862], [1988-1996]",131761622.434
206859:3269,754,97555770.6714,"[79-210], [212-258], [260-323], [325-356], [359-609], [612-681], [684-732], [734-768], [771-808], [811-827], [830-848]",95829640.4913
206866:3269,271,25603938.6829,"[1-30], [33-113], [115-274]",25369899.5915
206868:3269,10,850093.338116,"[1-3], [10-16]",808563.741593
206869:3269,743,52518569.498,"[1-251], [253-271], [274-502], [507-520], [522-566], [568-752]",52111161.4454
206897:3272,124,18749080.9946,"[1-34], [38-61], [63-102], [109-109], [111-112], [114-131], [133-137]",17333627.9289
206901:3272,98,13253462.2836,[1-98],13024915.6068
206906:3272,194,23180436.8666,"[1-31], [38-94], [96-136], [138-139], [142-149], [151-175], [177-206]",21899319.2212
206940:3273,1017,98899650.6844,"[1-151], [153-153], [155-298], [301-382], [384-712], [715-803], [805-960], [963-1027]",97664584.4552
207099:3279,1070,120584474.561,"[83-134], [137-172], [175-213], [216-314], [316-320], [323-330], [333-367], [370-481], [484-602], [605-755], [757-1046], [1048-1171]",118807986.429
207100:3279,92,7290262.50262,"[1-91], [94-94]",7219180.43888
207214:3285,745,89811714.7358,"[57-112], [114-177], [179-181], [184-196], [199-220], [223-262], [265-405], [408-482], [485-640], [643-708], [718-757], [759-808], [811-829]",88384353.1615
207217:3285,32,2921968.80023,[1-32],2885537.77103
207219:3285,112,9829862.1324,[1-112],9651430.86766
207220:3285,160,13095497.7534,[1-160],12900062.2867
207221:3285,102,7746183.12276,[1-102],7628678.89219
207222:3285,287,19801780.0479,"[1-17], [20-289]",19622923.5716
207231:3286,1405,148720103.315,"[70-84], [86-121], [123-184], [187-189], [192-303], [306-354], [357-481], [484-504], [508-549], [552-626], [628-690], [693-875], [878-1000], [1003-1170], [1173-1187], [1189-1227], [1229-1415], [1418-1445], [1447-1505]",144469616.161
207233:3286,147,9777436.18257,"[1-119], [121-148]",9696062.64488
207269:3287,476,58690173.968,"[80-394], [397-436], [439-463], [466-551], [568-577]",57632522.886
207273:3287,875,74152389.0651,[3-877],73537048.6077
207279:3288,997,107741039.469,"[68-138], [141-149], [151-237], [240-266], [269-307], [309-416], [498-551], [554-640], [643-961], [963-1095], [1098-1160]",106216681.415
207320:3288,349,21215642.0098,"[1-110], [112-350]",21039313.3412
207371:3292,51,7241814.11209,"[72-117], [120-124]",7027127.75115
207372:3292,489,57097174.9812,"[1-27], [30-113], [116-154], [156-174], [176-478], [480-496]",55977985.1716
207397:3293,144,21342795.4944,"[32-77], [80-140], [143-179]",20797242.2605
207398:3293,32,4272538.38295,"[1-14], [16-33]",4208152.31686
207454:3296,1880,176170059.553,"[79-95], [98-123], [126-259], [261-363], [365-458], [461-498], [501-609], [612-632], [635-781], [784-866], [869-974], [977-1064], [1067-1079], [1081-1321], [1323-1464], [1467-1569], [1571-1604], [1607-1712], [1714-1988]",173956109.637
207469:3297,43,7079210.58524,"[1-31], [34-45]",6883325.16135
207477:3298,480,67116295.5994,"[76-104], [107-111], [114-147], [150-295], [298-483], [486-494], [497-527], [530-563], [565-570]",65688405.8908
207487:3299,415,58050023.1125,"[50-98], [101-311], [313-359], [363-468], [471-472]",56800181.0134
207488:3299,427,44493724.5402,"[1-63], [66-92], [95-113], [116-198], [200-250], [252-288], [291-365], [368-377], [379-440]",43987614.352
207490:3299,109,9789503.00061,"[1-48], [51-111]",9643381.96859
207491:3299,456,34542218.7548,"[1-176], [179-458]",34256760.9521
207492:3299,296,18527064.6825,"[1-20], [23-298]",18358066.1539
207515:3300,1113,132035899.109,"[79-109], [112-132], [134-208], [211-225], [228-320], [322-381], [383-498], [500-730], [733-849], [851-954], [957-994], [997-1052], [1055-1143], [1145-1211]",129742730.282
207517:3300,55,4514694.13562,"[1-12], [15-57]",4476929.85342
207518:3300,82,6434115.16045,"[1-59], [61-83]",6384046.99392
207882:3318,24,3462415.89586,[22-45],3218600.23631
207883:3318,72,9956679.02951,"[1-1], [3-4], [7-75]",9241369.19963
207884:3318,182,22838109.0173,"[1-106], [108-183]",22220246.6257
207885:3318,90,9824968.92839,[1-90],9343392.02068
207886:3318,167,16811949.1244,"[1-30], [32-90], [92-156], [158-166], [168-171]",16347324.2667
207889:3318,931,67833039.8414,"[1-43], [47-57], [60-303], [306-442], [445-445], [447-551], [553-731], [733-907], [910-945]",67080003.4366
207898:3319,268,34777364.4249,"[1-33], [36-57], [60-235], [239-257], [260-277]",34038967.6631
207905:3322,1700,164693615.231,"[75-196], [198-281], [284-329], [331-402], [404-565], [568-672], [675-805], [807-850], [852-861], [864-884], [886-1180], [1183-1283], [1285-1331], [1333-1515], [1518-1734], [1737-1796]",162210782.195
207920:3323,731,90515907.9431,"[84-146], [149-241], [243-261], [264-291], [294-486], [489-518], [520-598], [600-708], [710-826]",88906795.6751
207921:3323,56,5394349.47874,"[1-37], [40-58]",5322447.33989
207922:3323,255,21748465.0752,"[1-69], [71-100], [103-126], [129-242], [274-291]",21428336.3028
207924:3323,335,24382131.5213,"[1-52], [54-171], [173-178], [181-339]",24148936.6389
208307:3347,1291,123850151.305,"[2-42], [45-45], [47-70], [72-147], [150-252], [256-259], [262-275], [278-342], [345-450], [453-527], [530-583], [586-605], [608-616], [618-667], [670-761], [763-798], [800-889], [891-893], [896-1055], [1057-1205], [1208-1294], [1297-1328]",122386712.798
208339:3350,280,37427727.9394,"[77-89], [91-122], [125-208], [211-346], [349-363]",36475424.6442
208341:3350,816,74380004.0387,"[1-84], [86-117], [120-513], [515-685], [688-693], [695-775], [777-824]",73096549.6692
208351:3351,283,38981872.8606,"[83-97], [100-356], [359-369]",37849660.6991
208353:3351,346,36034182.8668,"[1-76], [78-269], [271-348]",35510991.3412
208357:3351,505,40407233.0921,"[1-70], [73-507]",40034680.1388
208390:3360,97,15279460.2307,"[72-128], [130-169]",14892712.4224
208391:3360,805,83312944.933,"[52-82], [84-162], [164-216], [219-493], [495-498], [500-523], [526-533], [535-588], [591-660], [663-869]",82405914.4417
208427:3363,580,73849777.1422,"[49-89], [92-161], [164-164], [166-173], [175-268], [271-312], [315-315], [317-335], [337-361], [364-402], [404-422], [425-577], [580-647]",72343810.3097
208428:3363,222,21529148.6134,"[1-58], [61-68], [70-156], [159-227]",21034423.8968
208429:3363,908,65840675.0203,"[1-56], [59-139], [141-159], [162-237], [240-440], [442-452], [455-589], [592-712], [715-922]",65297330.0491
208487:3370,612,75568835.6695,"[2-26], [29-159], [161-307], [309-459], [462-476], [479-621]",74272484.1275
208509:3372,162,1179877.22379,[71-232],1168616.8818
208538:3374,42,6665098.71106,[2-43],6280985.49683
208540:3374,96,13985536.1988,"[1-26], [29-98]",13415762.5624
208541:3374,410,47314083.3117,"[1-57], [59-173], [175-376], [378-413]",46600082.1071
208551:3375,454,58832582.1352,"[119-193], [195-212], [215-300], [303-354], [356-554], [557-580]",57460674.0699
208686:3378,379,53713570.8187,"[73-79], [82-181], [183-224], [227-243], [246-311], [313-459]",52484399.1823
